Run,ReleaseDate,LoadDate,spots,bases,spots_with_mates,avgLength,size_MB,AssemblyName,download_path,Experiment,LibraryName,LibraryStrategy,LibrarySelection,LibrarySource,LibraryLayout,InsertSize,InsertDev,Platform,Model,SRAStudy,BioProject,Study_Pubmed_id,ProjectID,Sample,BioSample,SampleType,TaxID,ScientificName,SampleName,g1k_pop_code,source,g1k_analysis_group,Subject_ID,Sex,Disease,Tumor,Affection_Status,Analyte_Type,Histological_Type,Body_Site,CenterName,Submission,dbgap_study_accession,Consent,RunHash,ReadHash
SRR1548582,2014-11-13 00:00:00,2014-08-27 18:27:58,117099751,30366452220,117099751,259,18995,,https://sra-download.ncbi.nlm.nih.gov/traces/sra20/SRR/001512/SRR1548582,SRX502136,,WGS,unspecified,GENOMIC,PAIRED,0,0,ILLUMINA,Illumina HiSeq 2000,SRP032974,PRJNA227449,2,227449,SRS583112,SAMN02700165,simple,4565,Triticum aestivum,SeqCap_102,,,,,,,no,,,,,KANSAS STATE UNIVERSITY,SRA111100,,public,D619F69E96F0B46093A507CD6BBC19E1,74BE406C375FED635C4D88ADA2230CEA
SRR1548590,2014-11-13 00:00:00,2014-08-14 23:46:47,47689731,11445535440,47689731,240,7369,,https://sra-download.ncbi.nlm.nih.gov/traces/sra4/SRR/001512/SRR1548590,SRX502511,,WGS,unspecified,GENOMIC,PAIRED,0,0,ILLUMINA,Illumina HiSeq 2000,SRP032974,PRJNA227449,2,227449,SRS583482,SAMN02700173,simple,4565,Triticum aestivum,SeqCap_403,,,,,,,no,,,,,KANSAS STATE UNIVERSITY,SRA111100,,public,3335DB96D917410516874FC6E379555C,43155FBB31AABB22215EBE2B1EF30045
SRR1548589,2014-11-13 00:00:00,2014-08-15 03:55:00,54716859,13132046160,54716859,240,8491,,https://sra-download.ncbi.nlm.nih.gov/sos/sra-pub-run-1/SRR1548589/SRR1548589.1,SRX502510,,WGS,unspecified,GENOMIC,PAIRED,0,0,ILLUMINA,Illumina HiSeq 2000,SRP032974,PRJNA227449,2,227449,SRS583481,SAMN02700172,simple,4565,Triticum aestivum,SeqCap_407_IV_60,,,,,,,no,,,,,KANSAS STATE UNIVERSITY,SRA111100,,public,C9518921AD578620CEEB96B7BCBA212B,78D3A4F24FA6E8D38A35FC9346A74A46
SRR1548581,2014-11-13 00:00:00,2014-08-27 18:15:35,45864730,11895067440,45864730,259,7438,,https://sra-download.ncbi.nlm.nih.gov/sos/sra-pub-run-1/SRR1548581/SRR1548581.1,SRX502135,,WGS,unspecified,GENOMIC,PAIRED,0,0,ILLUMINA,Illumina HiSeq 2000,SRP032974,PRJNA227449,2,227449,SRS583111,SAMN02700164,simple,4565,Triticum aestivum,SeqCap_49_2914_H1096,,,,,,,no,,,,,KANSAS STATE UNIVERSITY,SRA111100,,public,56C1FC6CE7F6331538A5B22311012E76,A2BC8B1CB6338BBFDB29933581247AFE
SRR1548584,2014-11-13 00:00:00,2014-08-27 18:00:53,53893474,15079034580,53893474,279,9589,,https://sra-download.ncbi.nlm.nih.gov/sos/sra-pub-run-1/SRR1548584/SRR1548584.1,SRX502292,,WGS,unspecified,GENOMIC,PAIRED,0,0,ILLUMINA,Illumina HiSeq 2000,SRP032974,PRJNA227449,2,227449,SRS583263,SAMN02700166,simple,4565,Triticum aestivum,SeqCap_93,,,,,,,no,,,,,KANSAS STATE UNIVERSITY,SRA111100,,public,54948CDE71D26B0D8D8DAF2806D75DF7,8E0973EA402BB92CE3EC3B744F8C6139
SRR1211059,2014-11-13 00:00:00,2014-04-08 01:47:00,70612736,14263772672,70612736,202,9302,,https://sra-download.ncbi.nlm.nih.gov/traces/sra18/SRR/001182/SRR1211059,SRX377383,,OTHER,Reduced Representation,GENOMIC,PAIRED,0,0,ILLUMINA,Illumina HiSeq 2000,SRP032974,PRJNA227449,2,227449,SRS502177,SAMN02402272,simple,4565,Triticum aestivum,SeqCap_AC_Barrie,,,,,,,no,,,,,KANSAS STATE UNIVERSITY,SRA111100,,public,E128E8084D68F7B4503E11184FFF6DF3,07ABDA19228D8DD302778E4E99A74170
SRR1548587,2014-11-13 00:00:00,2014-08-15 00:51:01,50534370,12128248800,50534370,240,7815,,https://sra-download.ncbi.nlm.nih.gov/sos/sra-pub-run-2/SRR1548587/SRR1548587.1,SRX502508,,WGS,unspecified,GENOMIC,PAIRED,0,0,ILLUMINA,Illumina HiSeq 2000,SRP032974,PRJNA227449,2,227449,SRS583479,SAMN02700170,simple,4565,Triticum aestivum,SeqCap_Alabasskaja,,,,,,,no,,,,,KANSAS STATE UNIVERSITY,SRA111100,,public,8C65ABA96FF244C8FD1D4220768A8684,BC92788E90DB85EE75BD3A2D015214CA
SRR1211111,2014-11-13 00:00:00,2014-08-15 13:45:11,76130146,14916022794,76130146,195,8522,,https://sra-download.ncbi.nlm.nih.gov/traces/sra20/SRR/001182/SRR1211111,SRX502134,,WGS,other,GENOMIC,PAIRED,100,0,ILLUMINA,Illumina HiSeq 2000,SRP032974,PRJNA227449,2,227449,SRS583110,SAMN02700163,simple,4565,Triticum aestivum,SeqCap_Avalon,,,,,,,no,,,,,KANSAS STATE UNIVERSITY,SRA111100,,public,E686BC030F27B41E6CAC84CAA86CFA8E,8A335974FD2488D02F2678D79E7C3E21
SRR1211060,2014-11-13 00:00:00,2014-08-13 16:01:37,212160771,32248437192,212160771,152,22110,,https://sra-download.ncbi.nlm.nih.gov/traces/sra4/SRR/001182/SRR1211060,SRX377384,,OTHER,Hybrid Selection,GENOMIC,PAIRED,0,0,ILLUMINA,Illumina HiSeq 2000,SRP032974,PRJNA227449,2,227449,SRS502178,SAMN02402273,simple,4565,Triticum aestivum,SeqCap_Chinese_Spring,,,,,,,no,,,,,KANSAS STATE UNIVERSITY,SRA111100,,public,2233AA0D17962F1A8A7AD3F45B25448E,D3DDE87FCB34E8FBB818C7160E8D8F59
SRR1211063,2014-11-13 00:00:00,2014-08-13 15:56:28,218274908,33177786016,218274908,152,22997,,https://sra-download.ncbi.nlm.nih.gov/traces/sra7/SRR/001182/SRR1211063,SRX377384,,OTHER,Hybrid Selection,GENOMIC,PAIRED,0,0,ILLUMINA,Illumina HiSeq 2000,SRP032974,PRJNA227449,2,227449,SRS502178,SAMN02402273,simple,4565,Triticum aestivum,SeqCap_Chinese_Spring,,,,,,,no,,,,,KANSAS STATE UNIVERSITY,SRA111100,,public,F7C08C89208EAAC2E620D4D3D451F921,FD0B40FC0EAD77EEACCD9D6E17E78A59
SRR1548583,2014-11-13 00:00:00,2014-08-27 17:55:57,47715379,13335516540,47715379,279,8344,,https://sra-download.ncbi.nlm.nih.gov/sos/sra-pub-run-1/SRR1548583/SRR1548583.1,SRX502289,,WGS,unspecified,GENOMIC,PAIRED,0,0,ILLUMINA,Illumina HiSeq 2000,SRP032974,PRJNA227449,2,227449,SRS583262,SAMN02700167,simple,4565,Triticum aestivum,SeqCap_Estacao,,,,,,,no,,,,,KANSAS STATE UNIVERSITY,SRA111100,,public,3011A8A24CB20482E1920C540CE5554F,27AE31F7E7276B73F761CC7215713C89
SRR1211031,2014-11-13 00:00:00,2014-04-08 01:48:42,79502533,16059511666,79502533,202,9848,,https://sra-download.ncbi.nlm.nih.gov/traces/sra18/SRR/001182/SRR1211031,SRX377381,,OTHER,Reduced Representation,GENOMIC,PAIRED,0,0,ILLUMINA,Illumina HiSeq 2000,SRP032974,PRJNA227449,2,227449,SRS502175,SAMN02402270,simple,4565,Triticum aestivum,SeqCap_Marquis,,,,,,,no,,,,,KANSAS STATE UNIVERSITY,SRA111100,,public,06A2B54CC54BD687F79562B74A7DDBCE,AB6CE3978FDEC245AFC0888E059EF87D
SRR1211032,2014-11-13 00:00:00,2014-04-08 01:44:37,68429245,13822707490,68429245,202,9012,,https://sra-download.ncbi.nlm.nih.gov/traces/sra18/SRR/001182/SRR1211032,SRX377382,,OTHER,Reduced Representation,GENOMIC,PAIRED,0,0,ILLUMINA,Illumina HiSeq 2000,SRP032974,PRJNA227449,2,227449,SRS502176,SAMN02402271,simple,4565,Triticum aestivum,SeqCap_Neepawa,,,,,,,no,,,,,KANSAS STATE UNIVERSITY,SRA111100,,public,4DDBFD184DA04D39A0E5CF6CDD595F08,D95DFED7DB5DDC6B7581AE9E42DCAE8F
SRR1211030,2014-11-13 00:00:00,2014-08-12 18:37:06,36347818,7269563600,36347818,200,4404,,https://sra-download.ncbi.nlm.nih.gov/sos/sra-pub-run-1/SRR1211030/SRR1211030.1,SRX377380,,OTHER,Hybrid Selection,GENOMIC,PAIRED,0,0,ILLUMINA,Illumina HiSeq 2000,SRP032974,PRJNA227449,2,227449,SRS502174,SAMN02402269,simple,4565,Triticum aestivum,SeqCap_PI153785,,,,,,,no,,,,,KANSAS STATE UNIVERSITY,SRA111100,,public,411CF9B6BD17FD5171431E9F4444357A,6CF09D9649834058CD8329DD78C3DED7
SRR1211027,2014-11-13 00:00:00,2014-08-12 18:32:06,42935463,8587092600,42935463,200,5196,,https://sra-download.ncbi.nlm.nih.gov/sos/sra-pub-run-1/SRR1211027/SRR1211027.1,SRX377377,,OTHER,Hybrid Selection,GENOMIC,PAIRED,0,0,ILLUMINA,Illumina HiSeq 2000,SRP032974,PRJNA227449,2,227449,SRS502171,SAMN02402266,simple,4565,Triticum aestivum,SeqCap_PI166180,,,,,,,no,,,,,KANSAS STATE UNIVERSITY,SRA111100,,public,556F9E75E098FB3967C5AA14C86A00A2,84E214C4B2EF4C7F968335191D6D26BA
SRR1211026,2014-11-13 00:00:00,2014-08-12 18:27:12,40941834,8188366800,40941834,200,4973,,https://sra-download.ncbi.nlm.nih.gov/sos/sra-pub-run-1/SRR1211026/SRR1211026.1,SRX377376,,OTHER,Hybrid Selection,GENOMIC,PAIRED,0,0,ILLUMINA,Illumina HiSeq 2000,SRP032974,PRJNA227449,2,227449,SRS502170,SAMN02402265,simple,4565,Triticum aestivum,SeqCap_PI166333,,,,,,,no,,,,,KANSAS STATE UNIVERSITY,SRA111100,,public,B97310D8F5A0B3A8087613DE91AB4B31,F2F0DE035E8305305E3C7C71202979BB
SRR1211028,2014-11-13 00:00:00,2014-08-12 18:41:30,48371719,9674343800,48371719,200,5881,,https://sra-download.ncbi.nlm.nih.gov/traces/sra4/SRR/001182/SRR1211028,SRX377378,,OTHER,Hybrid Selection,GENOMIC,PAIRED,0,0,ILLUMINA,Illumina HiSeq 2000,SRP032974,PRJNA227449,2,227449,SRS502172,SAMN02402267,simple,4565,Triticum aestivum,SeqCap_PI177943,,,,,,,no,,,,,KANSAS STATE UNIVERSITY,SRA111100,,public,B4BA364FD0D8039800EDF15511CDD970,F75FD18F532E59789377C385C7A5207B
SRR1211024,2014-11-13 00:00:00,2014-08-12 16:20:59,28725900,5745180000,28725900,200,3480,,https://sra-download.ncbi.nlm.nih.gov/sos/sra-pub-run-1/SRR1211024/SRR1211024.1,SRX377374,,OTHER,Hybrid Selection,GENOMIC,PAIRED,0,0,ILLUMINA,Illumina HiSeq 2000,SRP032974,PRJNA227449,2,227449,SRS502168,SAMN02402263,simple,4565,Triticum aestivum,SeqCap_PI185715,,,,,,,no,,,,,KANSAS STATE UNIVERSITY,SRA111100,,public,07016863085F07A52C405E02B09E95C2,8C7B68C44C65D2C1952AFD9EDDCE1988
SRR1211029,2014-11-13 00:00:00,2014-08-12 18:38:56,36816718,7363343600,36816718,200,4450,,https://sra-download.ncbi.nlm.nih.gov/sos/sra-pub-run-1/SRR1211029/SRR1211029.1,SRX377379,,OTHER,Hybrid Selection,GENOMIC,PAIRED,0,0,ILLUMINA,Illumina HiSeq 2000,SRP032974,PRJNA227449,2,227449,SRS502173,SAMN02402268,simple,4565,Triticum aestivum,SeqCap_PI192001,,,,,,,no,,,,,KANSAS STATE UNIVERSITY,SRA111100,,public,F8FE55BF186C7733B73DCC9F749421CE,639D52AAC64F5A4E9BCF032DFCC620EC
SRR1211005,2014-11-13 00:00:00,2014-08-12 15:19:00,11214927,2242985400,11214927,200,1342,,https://sra-download.ncbi.nlm.nih.gov/sos/sra-pub-run-1/SRR1211005/SRR1211005.1,SRX377370,,OTHER,Hybrid Selection,GENOMIC,PAIRED,0,0,ILLUMINA,Illumina HiSeq 2000,SRP032974,PRJNA227449,2,227449,SRS502164,SAMN02402259,simple,4565,Triticum aestivum,SeqCap_PI192147,,,,,,,no,,,,,KANSAS STATE UNIVERSITY,SRA111100,,public,D64E674C54B484F51ED5ACF490FD3E5E,51B033DACBCF64D1CE2B2846A4CBCC9C
SRR1210993,2014-11-13 00:00:00,2014-08-12 15:21:24,14749386,2949877200,14749386,200,1755,,https://sra-download.ncbi.nlm.nih.gov/traces/sra20/SRR/001182/SRR1210993,SRX377369,,OTHER,Hybrid Selection,GENOMIC,PAIRED,0,0,ILLUMINA,Illumina HiSeq 2000,SRP032974,PRJNA227449,2,227449,SRS502163,SAMN02402258,simple,4565,Triticum aestivum,SeqCap_PI192569,,,,,,,no,,,,,KANSAS STATE UNIVERSITY,SRA111100,,public,A9A12D63CC6E2948B97A6DABB73F6BBA,1B8669F75C529DBFD9F2B435265EB96B
SRR1210980,2014-11-13 00:00:00,2014-08-12 15:22:14,44746892,8949378400,44746892,200,5310,,https://sra-download.ncbi.nlm.nih.gov/traces/sra20/SRR/001182/SRR1210980,SRX377368,,OTHER,Hybrid Selection,GENOMIC,PAIRED,0,0,ILLUMINA,Illumina HiSeq 2000,SRP032974,PRJNA227449,2,227449,SRS502162,SAMN02402257,simple,4565,Triticum aestivum,SeqCap_PI210945,,,,,,,no,,,,,KANSAS STATE UNIVERSITY,SRA111100,,public,CFF16E140FA24B91D0C1ED4B6BFFEE96,D90897EFCFCD04405203431CD6C6D10C
SRR1210965,2014-11-13 00:00:00,2014-08-12 14:38:45,60287352,12057470400,60287352,200,7146,,https://sra-download.ncbi.nlm.nih.gov/traces/sra7/SRR/001182/SRR1210965,SRX377366,,OTHER,Hybrid Selection,GENOMIC,PAIRED,0,0,ILLUMINA,Illumina HiSeq 2000,SRP032974,PRJNA227449,2,227449,SRS502160,SAMN02402255,simple,4565,Triticum aestivum,SeqCap_PI222669,,,,,,,no,,,,,KANSAS STATE UNIVERSITY,SRA111100,,public,608B0D984D18BCFB86EFFCADC9FC3A0D,DEE0B038C77055448C1716C7BD7EDB46
SRR1211025,2014-11-13 00:00:00,2014-08-12 18:23:10,30549499,6109899800,30549499,200,3718,,https://sra-download.ncbi.nlm.nih.gov/sos/sra-pub-run-1/SRR1211025/SRR1211025.1,SRX377375,,OTHER,Hybrid Selection,GENOMIC,PAIRED,0,0,ILLUMINA,Illumina HiSeq 2000,SRP032974,PRJNA227449,2,227449,SRS502169,SAMN02402264,simple,4565,Triticum aestivum,SeqCap_PI245368,,,,,,,no,,,,,KANSAS STATE UNIVERSITY,SRA111100,,public,2D60018E0E525A6FAB78D53923F562C6,7129E439C404B8DEDE733C5713990805
SRR1210953,2014-11-13 00:00:00,2014-08-12 14:35:03,56604880,11320976000,56604880,200,6745,,https://sra-download.ncbi.nlm.nih.gov/traces/sra20/SRR/001182/SRR1210953,SRX377365,,OTHER,Hybrid Selection,GENOMIC,PAIRED,0,0,ILLUMINA,Illumina HiSeq 2000,SRP032974,PRJNA227449,2,227449,SRS502159,SAMN02402254,simple,4565,Triticum aestivum,SeqCap_PI262611,,,,,,,no,,,,,KANSAS STATE UNIVERSITY,SRA111100,,public,1C719D2E3A31B4A1C0DF8B074E27FF89,229F5B7232320D956A51E1DF485B0241
SRR1210976,2014-11-13 00:00:00,2014-08-12 15:19:47,33911131,6782226200,33911131,200,4037,,https://sra-download.ncbi.nlm.nih.gov/sos/sra-pub-run-1/SRR1210976/SRR1210976.1,SRX377367,,OTHER,Hybrid Selection,GENOMIC,PAIRED,0,0,ILLUMINA,Illumina HiSeq 2000,SRP032974,PRJNA227449,2,227449,SRS502161,SAMN02402256,simple,4565,Triticum aestivum,SeqCap_PI278297,,,,,,,no,,,,,KANSAS STATE UNIVERSITY,SRA111100,,public,43689EE38FC044643FFEF83A8AEA5A73,431BC2B88AC3CAFF3B0ECD886CDED9EA
SRR1210396,2014-11-13 00:00:00,2014-04-02 07:05:41,64752923,12950584600,64752923,200,8870,,https://sra-download.ncbi.nlm.nih.gov/traces/sra18/SRR/001182/SRR1210396,SRX377352,,OTHER,Hybrid Selection,GENOMIC,PAIRED,0,0,ILLUMINA,Illumina HiSeq 2000,SRP032974,PRJNA227449,2,227449,SRS502146,SAMN02402241,simple,4565,Triticum aestivum,SeqCap_PI349512,,,,,,,no,,,,,KANSAS STATE UNIVERSITY,SRA111100,,public,D285C3CB6318FAD3CE657591C4059F8D,E1FC7221BBBD2CFBBFD223931DA9D651
SRR1210394,2014-11-13 00:00:00,2014-04-02 02:58:57,59213506,11842701200,59213506,200,8109,,https://sra-download.ncbi.nlm.nih.gov/traces/sra18/SRR/001182/SRR1210394,SRX377318,,OTHER,Hybrid Selection,GENOMIC,PAIRED,0,0,ILLUMINA,Illumina HiSeq 2000,SRP032974,PRJNA227449,2,227449,SRS502115,SAMN02402239,simple,4565,Triticum aestivum,SeqCap_PI366716,,,,,,,no,,,,,KANSAS STATE UNIVERSITY,SRA111100,,public,FCC4ED778221B3D02703E346CC308D3E,03AE2212DFDACB73D56F44067090C340
SRR1210400,2014-11-13 00:00:00,2014-04-02 20:54:59,50515482,10103096400,50515482,200,6921,,https://sra-download.ncbi.nlm.nih.gov/traces/sra18/SRR/001182/SRR1210400,SRX377356,,OTHER,Hybrid Selection,GENOMIC,PAIRED,0,0,ILLUMINA,Illumina HiSeq 2000,SRP032974,PRJNA227449,2,227449,SRS502150,SAMN02402245,simple,4565,Triticum aestivum,SeqCap_PI366905,,,,,,,no,,,,,KANSAS STATE UNIVERSITY,SRA111100,,public,D5B45EC2D7092F94522AF9E40712C154,89879BCF1296BF6C4D526D56A1E4E717
SRR1210399,2014-11-13 00:00:00,2014-04-02 20:54:12,53474777,10694955400,53474777,200,7324,,https://sra-download.ncbi.nlm.nih.gov/traces/sra18/SRR/001182/SRR1210399,SRX377355,,OTHER,Hybrid Selection,GENOMIC,PAIRED,0,0,ILLUMINA,Illumina HiSeq 2000,SRP032974,PRJNA227449,2,227449,SRS502149,SAMN02402244,simple,4565,Triticum aestivum,SeqCap_PI382150,,,,,,,no,,,,,KANSAS STATE UNIVERSITY,SRA111100,,public,74B85FECF208FB417050B6F0CBB3F767,FD9A7B84425E70B972055494C6E081E3
SRR1210395,2014-11-13 00:00:00,2014-04-02 04:35:53,52040878,10408175600,52040878,200,7156,,https://sra-download.ncbi.nlm.nih.gov/traces/sra18/SRR/001182/SRR1210395,SRX377319,,OTHER,Hybrid Selection,GENOMIC,PAIRED,0,0,ILLUMINA,Illumina HiSeq 2000,SRP032974,PRJNA227449,2,227449,SRS502116,SAMN02402240,simple,4565,Triticum aestivum,SeqCap_PI406517,,,,,,,no,,,,,KANSAS STATE UNIVERSITY,SRA111100,,public,0F6B1E4A2976F542FE7DAC6C7DDCE05D,79990B20447A36DDEFF33794C484CABB
SRR1210401,2014-11-13 00:00:00,2014-04-02 21:52:33,48955203,9791040600,48955203,200,6536,,https://sra-download.ncbi.nlm.nih.gov/traces/sra18/SRR/001182/SRR1210401,SRX377358,,OTHER,Hybrid Selection,GENOMIC,PAIRED,0,0,ILLUMINA,Illumina HiSeq 2000,SRP032974,PRJNA227449,2,227449,SRS502151,SAMN02402247,simple,4565,Triticum aestivum,SeqCap_PI445736,,,,,,,no,,,,,KANSAS STATE UNIVERSITY,SRA111100,,public,EC75B60363061EDE1D17A017C7806316,949F4575C124F14A5B47B24E016F5418
SRR1210402,2014-11-13 00:00:00,2014-04-02 21:48:04,50364459,10072891800,50364459,200,6720,,https://sra-download.ncbi.nlm.nih.gov/traces/sra18/SRR/001182/SRR1210402,SRX377357,,OTHER,Hybrid Selection,GENOMIC,PAIRED,0,0,ILLUMINA,Illumina HiSeq 2000,SRP032974,PRJNA227449,2,227449,SRS502152,SAMN02402246,simple,4565,Triticum aestivum,SeqCap_PI470817,,,,,,,no,,,,,KANSAS STATE UNIVERSITY,SRA111100,,public,D614BACA11F3FF708EE598F0DC3EEB2A,818B31C3106F4349F4BC7FA59E546401
SRR1210412,2014-11-13 00:00:00,2014-04-02 22:52:01,48034524,9606904800,48034524,200,6435,,https://sra-download.ncbi.nlm.nih.gov/traces/sra18/SRR/001182/SRR1210412,SRX377360,,OTHER,Hybrid Selection,GENOMIC,PAIRED,0,0,ILLUMINA,Illumina HiSeq 2000,SRP032974,PRJNA227449,2,227449,SRS502154,SAMN02402249,simple,4565,Triticum aestivum,SeqCap_PI477870,,,,,,,no,,,,,KANSAS STATE UNIVERSITY,SRA111100,,public,9CF6928043D4A4A19CDEFF0C793B43FF,6E21752CDA64D922226A2531229F88C4
SRR1210398,2014-11-13 00:00:00,2014-04-02 19:48:03,47113912,9422782400,47113912,200,6459,,https://sra-download.ncbi.nlm.nih.gov/traces/sra18/SRR/001182/SRR1210398,SRX377354,,OTHER,Hybrid Selection,GENOMIC,PAIRED,0,0,ILLUMINA,Illumina HiSeq 2000,SRP032974,PRJNA227449,2,227449,SRS502148,SAMN02402243,simple,4565,Triticum aestivum,SeqCap_PI481718,,,,,,,no,,,,,KANSAS STATE UNIVERSITY,SRA111100,,public,AC15FEB5A8FF55B6BDC8DB842FF9265D,1451075D1C451B74F62620D3EFFD333C
SRR1210397,2014-11-13 00:00:00,2014-04-02 19:10:27,64706971,12941394200,64706971,200,8853,,https://sra-download.ncbi.nlm.nih.gov/traces/sra18/SRR/001182/SRR1210397,SRX377353,,OTHER,Hybrid Selection,GENOMIC,PAIRED,0,0,ILLUMINA,Illumina HiSeq 2000,SRP032974,PRJNA227449,2,227449,SRS502147,SAMN02402242,simple,4565,Triticum aestivum,SeqCap_PI481923,,,,,,,no,,,,,KANSAS STATE UNIVERSITY,SRA111100,,public,0F9D1D0D76C88E139CAE4BE388BCB98C,204316125B04150121A60AF8C8A957B8
SRR1211011,2014-11-13 00:00:00,2014-08-12 16:27:59,46264819,9252963800,46264819,200,5458,,https://sra-download.ncbi.nlm.nih.gov/traces/sra4/SRR/001182/SRR1211011,SRX377372,,OTHER,Hybrid Selection,GENOMIC,PAIRED,0,0,ILLUMINA,Illumina HiSeq 2000,SRP032974,PRJNA227449,2,227449,SRS502166,SAMN02402261,simple,4565,Triticum aestivum,SeqCap_PI565213,,,,,,,no,,,,,KANSAS STATE UNIVERSITY,SRA111100,,public,4CBC6B3E193E60D01571F00F35A299B9,D187EBFDE7B6093690363ACA76719C21
SRR1211023,2014-11-13 00:00:00,2014-08-12 16:28:38,40383842,8076768400,40383842,200,4904,,https://sra-download.ncbi.nlm.nih.gov/traces/sra4/SRR/001182/SRR1211023,SRX377373,,OTHER,Hybrid Selection,GENOMIC,PAIRED,0,0,ILLUMINA,Illumina HiSeq 2000,SRP032974,PRJNA227449,2,227449,SRS502167,SAMN02402262,simple,4565,Triticum aestivum,SeqCap_PI82469,,,,,,,no,,,,,KANSAS STATE UNIVERSITY,SRA111100,,public,6548153ADD7D22899CD5DEC6CB1C421B,9988B6A5E4EF9FAE024FEE2FDE2A35A8
SRR1211010,2014-11-13 00:00:00,2014-08-12 15:20:09,11141212,2228242400,11141212,200,1337,,https://sra-download.ncbi.nlm.nih.gov/traces/sra20/SRR/001182/SRR1211010,SRX377371,,OTHER,Hybrid Selection,GENOMIC,PAIRED,0,0,ILLUMINA,Illumina HiSeq 2000,SRP032974,PRJNA227449,2,227449,SRS502165,SAMN02402260,simple,4565,Triticum aestivum,SeqCap_PI8813,,,,,,,no,,,,,KANSAS STATE UNIVERSITY,SRA111100,,public,75320FC0770AD0BF6D93238D0AA6A104,BACC2BFD3D3FB1ED4206506554A1CB02
SRR1548586,2014-11-13 00:00:00,2014-08-15 01:45:33,42282512,10147802880,42282512,240,6325,,https://sra-download.ncbi.nlm.nih.gov/sos/sra-pub-run-1/SRR1548586/SRR1548586.1,SRX502321,,WGS,unspecified,GENOMIC,PAIRED,100,0,ILLUMINA,Illumina HiSeq 2000,SRP032974,PRJNA227449,2,227449,SRS583293,SAMN02700169,simple,4565,Triticum aestivum,SeqCap_PR267,,,,,,,no,,,,,KANSAS STATE UNIVERSITY,SRA111100,,public,F4BAE1128FA16021722A72E33A5D752C,1CC0B7A7963067EA0451E1C3B754EA89
SRR1211082,2014-11-13 00:00:00,2014-08-14 11:51:18,204870794,31140360688,204870794,152,20672,,https://sra-download.ncbi.nlm.nih.gov/sos/sra-pub-run-1/SRR1211082/SRR1211082.1,SRX377386,,OTHER,Hybrid Selection,GENOMIC,PAIRED,0,0,ILLUMINA,Illumina HiSeq 2000,SRP032974,PRJNA227449,2,227449,SRS502180,SAMN02402274,simple,4565,Triticum aestivum,SeqCap_Rialto,,,,,,,no,,,,,KANSAS STATE UNIVERSITY,SRA111100,,public,42E90E21C0AFFD23E5DE8EE08292DBEB,802A97725CB8883A24BB836F9B4838FD
SRR1211085,2014-11-13 00:00:00,2014-08-14 12:12:48,216621636,32926488672,216621636,152,23014,,https://sra-download.ncbi.nlm.nih.gov/traces/sra4/SRR/001182/SRR1211085,SRX377386,,OTHER,Hybrid Selection,GENOMIC,PAIRED,0,0,ILLUMINA,Illumina HiSeq 2000,SRP032974,PRJNA227449,2,227449,SRS502180,SAMN02402274,simple,4565,Triticum aestivum,SeqCap_Rialto,,,,,,,no,,,,,KANSAS STATE UNIVERSITY,SRA111100,,public,4F4E6FB8D94357E48974B84ED7AE3435,6F567E5305DC1FDE5820C5AC96DFBE34
SRR1548588,2014-11-13 00:00:00,2014-08-15 04:58:40,58806551,14113572240,58806551,240,9075,,https://sra-download.ncbi.nlm.nih.gov/sos/sra-pub-run-1/SRR1548588/SRR1548588.1,SRX502509,,WGS,unspecified,GENOMIC,PAIRED,0,0,ILLUMINA,Illumina HiSeq 2000,SRP032974,PRJNA227449,2,227449,SRS583480,SAMN02700171,simple,4565,Triticum aestivum,SeqCap_Roemer_Winter,,,,,,,no,,,,,KANSAS STATE UNIVERSITY,SRA111100,,public,2CB19266979FFED8B487E9F80F7B6D22,B184D1F4DFE5F60C1552D8C4EC2007B4
SRR1548585,2014-11-13 00:00:00,2014-08-15 02:53:54,53813746,12915299040,53813746,240,8066,,https://sra-download.ncbi.nlm.nih.gov/traces/sra20/SRR/001512/SRR1548585,SRX502319,,WGS,unspecified,GENOMIC,PAIRED,0,0,ILLUMINA,Illumina HiSeq 2000,SRP032974,PRJNA227449,2,227449,SRS583290,SAMN02700168,simple,4565,Triticum aestivum,SeqCap_Taxi,,,,,,,no,,,,,KANSAS STATE UNIVERSITY,SRA111100,,public,E1308AD61336A940579AF2FD869568A2,2B6BB5AD176595EF64FCAC2DACA9549C
SRR1211088,2014-11-13 00:00:00,2014-08-15 12:49:02,212105121,32239978392,212105121,152,21899,,https://sra-download.ncbi.nlm.nih.gov/traces/sra20/SRR/001182/SRR1211088,SRX377387,,OTHER,Hybrid Selection,GENOMIC,PAIRED,0,0,ILLUMINA,Illumina HiSeq 2000,SRP032974,PRJNA227449,2,227449,SRS502181,SAMN02402275,simple,4565,Triticum aestivum,SeqCap_Truman,,,,,,,no,,,,,KANSAS STATE UNIVERSITY,SRA111100,,public,86F79F06CC4878D5DBDC454DC6B6B83B,E370DCB95ECEFBE9480DC731A54A09F6
SRR1211089,2014-11-13 00:00:00,2014-08-15 12:41:41,210552120,32003922240,210552120,152,21491,,https://sra-download.ncbi.nlm.nih.gov/traces/sra20/SRR/001182/SRR1211089,SRX377387,,OTHER,Hybrid Selection,GENOMIC,PAIRED,0,0,ILLUMINA,Illumina HiSeq 2000,SRP032974,PRJNA227449,2,227449,SRS502181,SAMN02402275,simple,4565,Triticum aestivum,SeqCap_Truman,,,,,,,no,,,,,KANSAS STATE UNIVERSITY,SRA111100,,public,4F85CC2B0C87B1AF7AE28B9A23FD2E95,D487C52945105677FF105EFBC48DBABA
SRR1211099,2014-11-13 00:00:00,2014-08-14 14:11:25,206906421,31449775992,206906421,152,21035,,https://sra-download.ncbi.nlm.nih.gov/sos/sra-pub-run-1/SRR1211099/SRR1211099.1,SRX377388,,OTHER,Hybrid Selection,GENOMIC,PAIRED,0,0,ILLUMINA,Illumina HiSeq 2000,SRP032974,PRJNA227449,2,227449,SRS502182,SAMN02402276,simple,4565,Triticum aestivum,SeqCap_Utmost,,,,,,,no,,,,,KANSAS STATE UNIVERSITY,SRA111100,,public,7D912981242060FC2B712751FC949760,45D83E0F7B3935367A6D8F2E2C5E2B59
SRR1211102,2014-11-13 00:00:00,2014-08-14 14:48:43,218079683,33148111816,218079683,152,22898,,https://sra-download.ncbi.nlm.nih.gov/traces/sra20/SRR/001182/SRR1211102,SRX377388,,OTHER,Hybrid Selection,GENOMIC,PAIRED,0,0,ILLUMINA,Illumina HiSeq 2000,SRP032974,PRJNA227449,2,227449,SRS502182,SAMN02402276,simple,4565,Triticum aestivum,SeqCap_Utmost,,,,,,,no,,,,,KANSAS STATE UNIVERSITY,SRA111100,,public,B210506A934FEC61A4E9B6C161D1A440,120F6F797E70A49A5F0F63BE5400D0A3
SRR1210383,2014-11-13 00:00:00,2014-04-01 14:43:55,38337100,7667420000,38337100,200,4914,,https://sra-download.ncbi.nlm.nih.gov/traces/sra18/SRR/001182/SRR1210383,SRX377289,,OTHER,Hybrid Selection,GENOMIC,PAIRED,0,0,ILLUMINA,Illumina HiSeq 2000,SRP032974,PRJNA227449,2,227449,SRS502078,SAMN02402228,simple,4565,Triticum aestivum,SeqCap_W7894,,,,,,,no,,,,,KANSAS STATE UNIVERSITY,SRA111100,,public,344AB334871A7F63991520711DE3199E,AA288CAF54686064D5AFEA5D780B9073
SRR1210390,2014-11-13 00:00:00,2014-04-02 00:52:55,55523763,11104752600,55523763,200,7387,,https://sra-download.ncbi.nlm.nih.gov/traces/sra18/SRR/001182/SRR1210390,SRX377303,,OTHER,Hybrid Selection,GENOMIC,PAIRED,0,0,ILLUMINA,Illumina HiSeq 2000,SRP032974,PRJNA227449,2,227449,SRS502105,SAMN02402237,simple,4565,Triticum aestivum,SeqCap_acc1,,,,,,,no,,,,,KANSAS STATE UNIVERSITY,SRA111100,,public,618F84B94147E29ECE83B690423A2FE2,3B6899B871D023EDF18786647DEC57AD
SRR1210389,2014-11-13 00:00:00,2014-04-01 20:45:48,47729984,9545996800,47729984,200,6345,,https://sra-download.ncbi.nlm.nih.gov/traces/sra18/SRR/001182/SRR1210389,SRX377314,,OTHER,Hybrid Selection,GENOMIC,PAIRED,0,0,ILLUMINA,Illumina HiSeq 2000,SRP032974,PRJNA227449,2,227449,SRS502104,SAMN02402234,simple,4565,Triticum aestivum,SeqCap_acc2,,,,,,,no,,,,,KANSAS STATE UNIVERSITY,SRA111100,,public,D4A258EA62E9363DD852DCDA4EA198A8,A968AE23A7F53CC16B94F88BC348B1E6
SRR1210391,2014-11-13 00:00:00,2014-04-01 21:41:26,47693513,9538702600,47693513,200,6350,,https://sra-download.ncbi.nlm.nih.gov/traces/sra18/SRR/001182/SRR1210391,SRX377315,,OTHER,Hybrid Selection,GENOMIC,PAIRED,0,0,ILLUMINA,Illumina HiSeq 2000,SRP032974,PRJNA227449,2,227449,SRS502112,SAMN02402235,simple,4565,Triticum aestivum,SeqCap_acc3,,,,,,,no,,,,,KANSAS STATE UNIVERSITY,SRA111100,,public,C056562B786C67B133FBA7CB2F6D4D78,A98DD1EABA3F93321159993C0ACBC21E
SRR1210392,2014-11-13 00:00:00,2014-04-01 22:55:32,49508485,9901697000,49508485,200,6600,,https://sra-download.ncbi.nlm.nih.gov/traces/sra18/SRR/001182/SRR1210392,SRX377316,,OTHER,Hybrid Selection,GENOMIC,PAIRED,0,0,ILLUMINA,Illumina HiSeq 2000,SRP032974,PRJNA227449,2,227449,SRS502113,SAMN02402236,simple,4565,Triticum aestivum,SeqCap_acc4,,,,,,,no,,,,,KANSAS STATE UNIVERSITY,SRA111100,,public,DDFF9255423BFC36D7E90925AA378736,5F95C2B0606DE0273351769DFCF71207
SRR1210393,2014-11-13 00:00:00,2014-04-02 02:55:01,58500054,11700010800,58500054,200,8026,,https://sra-download.ncbi.nlm.nih.gov/traces/sra18/SRR/001182/SRR1210393,SRX377317,,OTHER,Hybrid Selection,GENOMIC,PAIRED,0,0,ILLUMINA,Illumina HiSeq 2000,SRP032974,PRJNA227449,2,227449,SRS502114,SAMN02402238,simple,4565,Triticum aestivum,SeqCap_acc5,,,,,,,no,,,,,KANSAS STATE UNIVERSITY,SRA111100,,public,F5EE0D4DF4C2CCE818BDFCF5A565DDF9,31C9A8EF9627EC7D4CDE50D51CF79BB9
SRR1210424,2014-11-13 00:00:00,2014-04-03 02:02:08,57142201,11428440200,57142201,200,7687,,https://sra-download.ncbi.nlm.nih.gov/traces/sra18/SRR/001182/SRR1210424,SRX377364,,OTHER,Hybrid Selection,GENOMIC,PAIRED,0,0,ILLUMINA,Illumina HiSeq 2000,SRP032974,PRJNA227449,2,227449,SRS502158,SAMN02402253,simple,4565,Triticum aestivum,SeqCap_berkut,,,,,,,no,,,,,KANSAS STATE UNIVERSITY,SRA111100,,public,B1A6F9AB9DECCCB37D9DBAF66CBDC4EF,573C94CA2D04EB2B5D044F3E014524A4
SRR1210422,2014-11-13 00:00:00,2014-04-03 01:05:53,49686510,9937302000,49686510,200,6693,,https://sra-download.ncbi.nlm.nih.gov/traces/sra18/SRR/001182/SRR1210422,SRX377363,,OTHER,Hybrid Selection,GENOMIC,PAIRED,0,0,ILLUMINA,Illumina HiSeq 2000,SRP032974,PRJNA227449,2,227449,SRS502157,SAMN02402252,simple,4565,Triticum aestivum,SeqCap_chakwat86,,,,,,,no,,,,,KANSAS STATE UNIVERSITY,SRA111100,,public,C5056276F6347D20D5BF2146DE35F32D,A5575996ECF4838F709FFB79F149D451
SRR1210421,2014-11-13 00:00:00,2014-04-03 01:00:39,51775361,10355072200,51775361,200,6994,,https://sra-download.ncbi.nlm.nih.gov/traces/sra18/SRR/001182/SRR1210421,SRX377362,,OTHER,Hybrid Selection,GENOMIC,PAIRED,0,0,ILLUMINA,Illumina HiSeq 2000,SRP032974,PRJNA227449,2,227449,SRS502156,SAMN02402251,simple,4565,Triticum aestivum,SeqCap_cham6,,,,,,,no,,,,,KANSAS STATE UNIVERSITY,SRA111100,,public,D98A37970735590A30BA473A8BE2F5FB,EED6A964B267B9874DCF519D5A3D0719
SRR1029537,2016-01-25 17:55:14,2018-03-08 13:04:52,1,200,1,200,0,,https://sra-download.ncbi.nlm.nih.gov/traces/sra60/SRR/001005/SRR1029537,SRX377299,,OTHER,Hybrid Selection,GENOMIC,PAIRED,0,0,ILLUMINA,Illumina HiSeq 2000,SRP032974,PRJNA227449,2,227449,SRS502088,SAMN02402230,simple,4565,Triticum aestivum,SeqCap_clear_white,,,,,,,no,,,,,KANSAS STATE UNIVERSITY,SRA111100,,public,2B82A84F669CFFACF6E4EA3B03FEA7A2,1B4B0467BA76320D9463A1DF6884B1F2
SRR1210385,2014-11-13 00:00:00,2014-04-01 16:41:02,45807051,9161410200,45807051,200,5864,,https://sra-download.ncbi.nlm.nih.gov/traces/sra18/SRR/001182/SRR1210385,SRX377299,,OTHER,Hybrid Selection,GENOMIC,PAIRED,0,0,ILLUMINA,Illumina HiSeq 2000,SRP032974,PRJNA227449,2,227449,SRS502088,SAMN02402230,simple,4565,Triticum aestivum,SeqCap_clear_white,,,,,,,no,,,,,KANSAS STATE UNIVERSITY,SRA111100,,public,DBBD5E5603CBB3F34948E4E21C50EBDA,22F07315601508B7916F2FF2CF47C1E4
SRR1210420,2014-11-13 00:00:00,2014-04-03 00:04:49,61910522,12382104400,61910522,200,8335,,https://sra-download.ncbi.nlm.nih.gov/traces/sra18/SRR/001182/SRR1210420,SRX377361,,OTHER,Hybrid Selection,GENOMIC,PAIRED,0,0,ILLUMINA,Illumina HiSeq 2000,SRP032974,PRJNA227449,2,227449,SRS502155,SAMN02402250,simple,4565,Triticum aestivum,SeqCap_dharwar_dry,,,,,,,no,,,,,KANSAS STATE UNIVERSITY,SRA111100,,public,A4F293DAD8167994ED44E616B0B45448,98C96C11AAB31F9820B26716773E598C
SRR1210403,2014-11-13 00:00:00,2014-04-02 22:53:23,50435769,10087153800,50435769,200,6738,,https://sra-download.ncbi.nlm.nih.gov/traces/sra18/SRR/001182/SRR1210403,SRX377359,,OTHER,Hybrid Selection,GENOMIC,PAIRED,0,0,ILLUMINA,Illumina HiSeq 2000,SRP032974,PRJNA227449,2,227449,SRS502153,SAMN02402248,simple,4565,Triticum aestivum,SeqCap_hidhab,,,,,,,no,,,,,KANSAS STATE UNIVERSITY,SRA111100,,public,4B60A341E7114482091858703C5A8F10,5CE1287777EE6806870BBDF44903F130
SRR1210387,2014-11-13 00:00:00,2014-04-01 18:47:00,48696130,9739226000,48696130,200,6227,,https://sra-download.ncbi.nlm.nih.gov/traces/sra18/SRR/001182/SRR1210387,SRX377301,,OTHER,Hybrid Selection,GENOMIC,PAIRED,0,0,ILLUMINA,Illumina HiSeq 2000,SRP032974,PRJNA227449,2,227449,SRS502102,SAMN02402232,simple,4565,Triticum aestivum,SeqCap_klein_chamaco,,,,,,,no,,,,,KANSAS STATE UNIVERSITY,SRA111100,,public,E1803C5CE69C2FE154303A02ED2FC7DB,0D07BEED15DF0610B40E0CD3FA125F51
SRR1210388,2014-11-13 00:00:00,2014-04-01 19:54:57,47200899,9440179800,47200899,200,6060,,https://sra-download.ncbi.nlm.nih.gov/traces/sra18/SRR/001182/SRR1210388,SRX377302,,OTHER,Hybrid Selection,GENOMIC,PAIRED,0,0,ILLUMINA,Illumina HiSeq 2000,SRP032974,PRJNA227449,2,227449,SRS502103,SAMN02402233,simple,4565,Triticum aestivum,SeqCap_pavon,,,,,,,no,,,,,KANSAS STATE UNIVERSITY,SRA111100,,public,2D24719594CDDDD34FE2C06DC5F380E7,39B51409116158A4E402C052025C0A63
SRR1210384,2014-11-13 00:00:00,2014-04-01 15:39:03,39859916,7971983200,39859916,200,5107,,https://sra-download.ncbi.nlm.nih.gov/traces/sra18/SRR/001182/SRR1210384,SRX377298,,OTHER,Hybrid Selection,GENOMIC,PAIRED,0,0,ILLUMINA,Illumina HiSeq 2000,SRP032974,PRJNA227449,2,227449,SRS502087,SAMN02402229,simple,4565,Triticum aestivum,SeqCap_pbw343,,,,,,,no,,,,,KANSAS STATE UNIVERSITY,SRA111100,,public,7844D35E8AD03F21FA75D93A345E9B95,135C1FBC857512856F196796E77C3285
SRR1210386,2014-11-13 00:00:00,2014-04-01 17:55:30,53342151,10668430200,53342151,200,6832,,https://sra-download.ncbi.nlm.nih.gov/traces/sra18/SRR/001182/SRR1210386,SRX377300,,OTHER,Hybrid Selection,GENOMIC,PAIRED,0,0,ILLUMINA,Illumina HiSeq 2000,SRP032974,PRJNA227449,2,227449,SRS502089,SAMN02402231,simple,4565,Triticum aestivum,SeqCap_vorobey,,,,,,,no,,,,,KANSAS STATE UNIVERSITY,SRA111100,,public,553036B9B91B555E0AA05CE0AC916386,EC49FB8AEC357FC39D3EF4EC25CB9134

Run,ReleaseDate,LoadDate,spots,bases,spots_with_mates,avgLength,size_MB,AssemblyName,download_path,Experiment,LibraryName,LibraryStrategy,LibrarySelection,LibrarySource,LibraryLayout,InsertSize,InsertDev,Platform,Model,SRAStudy,BioProject,Study_Pubmed_id,ProjectID,Sample,BioSample,SampleType,TaxID,ScientificName,SampleName,g1k_pop_code,source,g1k_analysis_group,Subject_ID,Sex,Disease,Tumor,Affection_Status,Analyte_Type,Histological_Type,Body_Site,CenterName,Submission,dbgap_study_accession,Consent,RunHash,ReadHash
SRR1210382,2014-11-13 00:00:00,2014-04-01 14:29:20,38184767,7636953400,38184767,200,4917,,https://sra-download.ncbi.nlm.nih.gov/traces/sra18/SRR/001182/SRR1210382,SRX377288,,OTHER,Hybrid Selection,GENOMIC,PAIRED,0,0,ILLUMINA,Illumina HiSeq 2000,SRP032974,PRJNA227449,2,227449,SRS502077,SAMN02402227,simple,4565,Triticum aestivum,SeqCap_opata,,,,,,,no,,,,,KANSAS STATE UNIVERSITY,SRA111100,,public,728748E158CEA68EAB4CD1283E091FDD,4CA7A995DF3661F82705BF5B4B2495B7
SRR1210381,2014-11-13 00:00:00,2014-04-01 14:38:08,42394327,8478865400,42394327,200,5446,,https://sra-download.ncbi.nlm.nih.gov/traces/sra18/SRR/001182/SRR1210381,SRX377287,,OTHER,Hybrid Selection,GENOMIC,PAIRED,0,0,ILLUMINA,Illumina HiSeq 2000,SRP032974,PRJNA227449,2,227449,SRS502076,SAMN02402226,simple,4565,Triticum aestivum,SeqCap_rac875,,,,,,,no,,,,,KANSAS STATE UNIVERSITY,SRA111100,,public,88F5367F9582A9090FEEC09265BF0824,A8A76D30A40C02911ECB9A6117C6565C

